{
  "logreg": {
    "train_f1": 0.8215454116515567,
    "train_rocauc": 0.8710611096425984
  },
  "rf": {
    "train_f1": 0.9918488676578823,
    "train_rocauc": 0.9999926727792317
  },
  "xgb": {
    "train_f1": 0.9442416698991022,
    "train_rocauc": 0.9806665842864962
  }
}